Description,Price,Rating,ReviewCount,Url
Concept 3 by Skechers Women's Alexxi Fashion Slip-on Sneaker,$45.90
JointlyCreating Womens Non Slip Running Shoes Athletic Tennis Sneakers Sports Walking Shoes,$46.99
Skechers Men's Classic Fit-Delson-Camden Sneaker,$35.00
Skechers Men's Go Walk Max-54601 Sneaker,$39.95
Skechers Men's Afterburn Memory-Foam Lace-up Sneaker,$42.95
Skechers Women's D'Lites Memory Foam Lace-up Sneaker,$47.95
Cole Haan Men's Grand Crosscourt II Sneakers,$59.97
PUMA Men's Tazon 6 Fracture FM Cross-Trainer Shoe,$49.99
PUMA Men's Roma Basic Sneaker,$55.64
Concept 3 by Skechers Men's Naiter Mesh Slip-on Casual Sneaker,$32.19
YHOON Women's Walking Shoes - Sock Sneakers Slip on Mesh Platform Air Cushion Athletic Shoes Work Nurse Comfortable,$28.04
Lamincoa Womens Running Sneakers-Lightweight Walking Tennis Athletic Shoes for Gym Workout Sports,$39.99
Crocs Men's LiteRide Pacer Sneaker | Comfortable Sneakers for Men,$59.99
Reebok Men's Bb4500 Hi 2 Sneaker,$45.99
"Reebok Men's Casual, Collegiate Navy/White, Club MEMT Sneaker",$54.95
Roxy Women's Rory Slip on Sneaker,$43.99
Skechers Men's Go Walk Evolution Ultra - Impeccable Walking Shoe,$46.80
Keds Women's Champion Leather Sneaker,$54.95
PUMA Women's Carina Sneaker,$55.48
Reebok Women's Club C 85 Vintage Sneakers,$69.95
New Balance Men's 608 V5 Casual Comfort Cross Trainer,$62.95
Reebok Women's Classic Renaissance Sneaker,$60.00
Steve Madden Men's Fenta Fashion Sneaker,$49.08
Reebok Women's Princess Sneaker,$49.95
CUYIOM Women's Walking Shoes Lightweight Running Shoes Outdoor Fashion Sneaker,$25.99
DREAM PAIRS Women's Slip On Canvas Fashion Sneakers,$26.99
Wonesion Womens Walking Running Shoes Athletic Blade Non Slip Tennis Fashion Sneakers,$45.99
Keds Women's Champion Canvas Sneaker,$49.93
"Reebok Women's Princess Sneaker,Black,9 W",$39.88
New Balance Women's 608 V5 Casual Comfort Cross Trainer,$54.99
Fila Men’s Memory Workshift Slip Resistant Work Shoe,$30.24
adidas Women's Cloudfoam Pure Running Shoe,$51.96
Skechers Women's Ghenter Bronaugh Work Shoe,$49.95
ASICS Women's Gel-Venture 7 Trail Running Shoes,$59.97
Under Armour Men's Surge 2 Running Shoe,$54.99
Superga Women's 2790a Cotw Fashion Sneaker,$50.24
Fila Men's Vulc 13 Mid Plus Walking Shoe,$40.90
Under Armour Women's Charged Assert 8 Running Shoe,$52.99
Keds Women's Champion Original Leather Sneaker,$54.95
"Nike Tanjun Racer, Men’s Low-Top Sneakers",$55.61
Lacoste Men's Bayliss Sneaker,$89.95
Lugz Women's Clipper Sneaker,$34.95
Fila Women's Memory Workshift Slip Resistant Work Shoe,$36.96
Lugz Men's Clipper Sneaker,$29.99
Skechers Sport Men's Vigor 2.0 Trait Memory Foam Sneaker,$49.95
Roxy Women's Bayshore Slip on Shoe Sneaker,$44.35
PUMA Men's Super Levitate Sneaker,$39.95
New Balance Women's Fresh Foam Roav Trail V1 Sneaker,$98.72
adidas Men's Advantage Tennis Shoe,$55.00
Under Armour Men's Charged Assert 8 Running Shoe,$65.05
Skechers Sport Men's Stamina Nuovo Cutback Lace-Up Sneaker,$41.21
Concept 3 by Skechers Men's Eakins Lace-up Sneaker,$45.90
Raoendis Women's Running Shoes - Slip On Breathe Mesh Walking Sneakers,$29.99
APRILSPRING Mens Walking Shoes Fashion Running Sports Non Slip Sneakers,$42.99
JABASIC Women Hiking Shoes Outdoor Knit Trekking Sneakers,$29.99
Concept 3 by Skechers Women's Alexxi Fashion Slip-on Sneaker,$45.90
JointlyCreating Womens Non Slip Running Shoes Athletic Tennis Sneakers Sports Walking Shoes,$46.99
Skechers Men's Classic Fit-Delson-Camden Sneaker,$35.00
Skechers Men's Go Walk Max-54601 Sneaker,$39.95
Skechers Men's Afterburn Memory-Foam Lace-up Sneaker,$42.95
Skechers Women's D'Lites Memory Foam Lace-up Sneaker,$47.95
Cole Haan Men's Grand Crosscourt II Sneakers,$59.97
PUMA Men's Tazon 6 Fracture FM Cross-Trainer Shoe,$49.99
PUMA Men's Roma Basic Sneaker,$55.64
Concept 3 by Skechers Men's Naiter Mesh Slip-on Casual Sneaker,$32.19
Lamincoa Womens Running Sneakers-Lightweight Walking Tennis Athletic Shoes for Gym Workout Sports,$39.99
Crocs Men's LiteRide Pacer Sneaker | Comfortable Sneakers for Men,$59.99
Reebok Men's Bb4500 Hi 2 Sneaker,$45.99
"Reebok Men's Casual, Collegiate Navy/White, Club MEMT Sneaker",$54.95
Roxy Women's Rory Slip on Sneaker,$43.99
Superga Women's 2790a Cotw Fashion Sneaker,$50.24
Keds Women's Champion Leather Sneaker,$54.95
PUMA Women's Carina Sneaker,$55.48
Reebok Women's Club C 85 Vintage Sneakers,$69.95
New Balance Men's 608 V5 Casual Comfort Cross Trainer,$62.95
Reebok Women's Classic Renaissance Sneaker,$60.00
Steve Madden Men's Fenta Fashion Sneaker,$49.08
Reebok Women's Princess Sneaker,$49.95
CUYIOM Women's Walking Shoes Lightweight Running Shoes Outdoor Fashion Sneaker,$25.99
DREAM PAIRS Women's Slip On Canvas Fashion Sneakers,$26.99
Wonesion Womens Walking Running Shoes Athletic Blade Non Slip Tennis Fashion Sneakers,$45.99
Keds Women's Champion Canvas Sneaker,$49.93
"Reebok Women's Princess Sneaker,Black,9 W",$39.88
New Balance Women's 608 V5 Casual Comfort Cross Trainer,$54.99
Fila Men’s Memory Workshift Slip Resistant Work Shoe,$30.24
adidas Women's Cloudfoam Pure Running Shoe,$51.96
Skechers Women's Ghenter Bronaugh Work Shoe,$49.95
ASICS Women's Gel-Venture 7 Trail Running Shoes,$59.97
Under Armour Men's Surge 2 Running Shoe,$54.99
Fila Men's Vulc 13 Mid Plus Walking Shoe,$40.90
Under Armour Women's Charged Assert 8 Running Shoe,$52.99
Keds Women's Champion Original Leather Sneaker,$54.95
"Nike Tanjun Racer, Men’s Low-Top Sneakers",$55.61
Lacoste Men's Bayliss Sneaker,$89.95
Skechers Men's Go Walk Evolution Ultra - Impeccable Walking Shoe,$46.80
Lugz Women's Clipper Sneaker,$34.95
Fila Women's Memory Workshift Slip Resistant Work Shoe,$36.96
Lugz Men's Clipper Sneaker,$29.99
Skechers Sport Men's Vigor 2.0 Trait Memory Foam Sneaker,$49.95
Roxy Women's Bayshore Slip on Shoe Sneaker,$44.35
PUMA Men's Super Levitate Sneaker,$39.95
New Balance Women's Fresh Foam Roav Trail V1 Sneaker,$98.72
adidas Men's Advantage Tennis Shoe,$55.00
Under Armour Men's Charged Assert 8 Running Shoe,$65.05
Skechers Sport Men's Stamina Nuovo Cutback Lace-Up Sneaker,$41.21
Concept 3 by Skechers Men's Eakins Lace-up Sneaker,$45.90
APRILSPRING Mens Walking Shoes Fashion Running Sports Non Slip Sneakers,$42.99
JABASIC Women Hiking Shoes Outdoor Knit Trekking Sneakers,$29.99
TIAMOU Running Shoes Women Walking Athletic Tennis Non Slip Blade Type Sneakers,$42.99
KEEZMZ Men's Running Shoes Fashion Breathable Sneakers Mesh Soft Sole Casual Athletic Lightweight,$27.99
Concept 3 by Skechers Women's Alexxi Fashion Slip-on Sneaker,$45.90
JointlyCreating Womens Non Slip Running Shoes Athletic Tennis Sneakers Sports Walking Shoes,$46.99
Skechers Men's Classic Fit-Delson-Camden Sneaker,$35.00
Skechers Men's Go Walk Max-54601 Sneaker,$39.95
Skechers Men's Afterburn Memory-Foam Lace-up Sneaker,$42.95
Skechers Women's D'Lites Memory Foam Lace-up Sneaker,$47.95
Cole Haan Men's Grand Crosscourt II Sneakers,$59.97
PUMA Men's Tazon 6 Fracture FM Cross-Trainer Shoe,$49.99
PUMA Men's Roma Basic Sneaker,$55.64
Concept 3 by Skechers Men's Naiter Mesh Slip-on Casual Sneaker,$32.19
Lamincoa Womens Running Sneakers-Lightweight Walking Tennis Athletic Shoes for Gym Workout Sports,$39.99
Crocs Men's LiteRide Pacer Sneaker | Comfortable Sneakers for Men,$59.99
Reebok Men's Bb4500 Hi 2 Sneaker,$45.99
"Reebok Men's Casual, Collegiate Navy/White, Club MEMT Sneaker",$54.95
Roxy Women's Rory Slip on Sneaker,$43.99
Superga Women's 2790a Cotw Fashion Sneaker,$50.24
Keds Women's Champion Leather Sneaker,$54.95
PUMA Women's Carina Sneaker,$55.48
Reebok Women's Club C 85 Vintage Sneakers,$69.95
New Balance Men's 608 V5 Casual Comfort Cross Trainer,$62.95
Reebok Women's Classic Renaissance Sneaker,$60.00
Steve Madden Men's Fenta Fashion Sneaker,$49.08
Reebok Women's Princess Sneaker,$49.95
CUYIOM Women's Walking Shoes Lightweight Running Shoes Outdoor Fashion Sneaker,$25.99
DREAM PAIRS Women's Slip On Canvas Fashion Sneakers,$26.99
Wonesion Womens Walking Running Shoes Athletic Blade Non Slip Tennis Fashion Sneakers,$45.99
Keds Women's Champion Canvas Sneaker,$49.93
"Reebok Women's Princess Sneaker,Black,9 W",$39.88
New Balance Women's 608 V5 Casual Comfort Cross Trainer,$54.99
Fila Men’s Memory Workshift Slip Resistant Work Shoe,$30.24
adidas Women's Cloudfoam Pure Running Shoe,$51.96
Skechers Women's Ghenter Bronaugh Work Shoe,$49.95
ASICS Women's Gel-Venture 7 Trail Running Shoes,$59.97
Under Armour Men's Surge 2 Running Shoe,$54.99
Fila Men's Vulc 13 Mid Plus Walking Shoe,$40.90
Under Armour Women's Charged Assert 8 Running Shoe,$52.99
Keds Women's Champion Original Leather Sneaker,$54.95
"Nike Tanjun Racer, Men’s Low-Top Sneakers",$55.61
Lacoste Men's Bayliss Sneaker,$89.95
Skechers Men's Go Walk Evolution Ultra - Impeccable Walking Shoe,$46.80
Lugz Women's Clipper Sneaker,$34.95
Fila Women's Memory Workshift Slip Resistant Work Shoe,$36.96
Lugz Men's Clipper Sneaker,$29.99
Skechers Sport Men's Vigor 2.0 Trait Memory Foam Sneaker,$49.95
Roxy Women's Bayshore Slip on Shoe Sneaker,$44.35
PUMA Men's Super Levitate Sneaker,$39.95
New Balance Women's Fresh Foam Roav Trail V1 Sneaker,$98.72
adidas Men's Advantage Tennis Shoe,$55.00
Under Armour Men's Charged Assert 8 Running Shoe,$65.05
Skechers Sport Men's Stamina Nuovo Cutback Lace-Up Sneaker,$41.21
Concept 3 by Skechers Men's Eakins Lace-up Sneaker,$45.90
APRILSPRING Mens Walking Shoes Fashion Running Sports Non Slip Sneakers,$42.99
JABASIC Women Hiking Shoes Outdoor Knit Trekking Sneakers,$29.99
TIAMOU Running Shoes Women Walking Athletic Tennis Non Slip Blade Type Sneakers,$42.99
KEEZMZ Men's Running Shoes Fashion Breathable Sneakers Mesh Soft Sole Casual Athletic Lightweight,$27.99
Skechers Men's Classic Fit-Delson-Camden Sneaker,$35.00
Skechers Men's Go Walk Max-54601 Sneaker,$39.95
Skechers Men's Afterburn Memory-Foam Lace-up Sneaker,$42.95
Skechers Women's D'Lites Memory Foam Lace-up Sneaker,$47.95
Cole Haan Men's Grand Crosscourt II Sneakers,$59.97
PUMA Men's Tazon 6 Fracture FM Cross-Trainer Shoe,$49.99
PUMA Men's Roma Basic Sneaker,$55.64
Crocs Men's LiteRide Pacer Sneaker | Comfortable Sneakers for Men,$59.99
Reebok Men's Bb4500 Hi 2 Sneaker,$45.99
"Reebok Men's Casual, Collegiate Navy/White, Club MEMT Sneaker",$54.95
Roxy Women's Rory Slip on Sneaker,$43.99
Superga Women's 2790a Cotw Fashion Sneaker,$50.24
Keds Women's Champion Leather Sneaker,$54.95
PUMA Women's Carina Sneaker,$55.48
Reebok Women's Club C 85 Vintage Sneakers,$69.95
New Balance Men's 608 V5 Casual Comfort Cross Trainer,$62.95
Reebok Women's Classic Renaissance Sneaker,$60.00
Steve Madden Men's Fenta Fashion Sneaker,$49.08
Reebok Women's Princess Sneaker,$49.95
Keds Women's Champion Canvas Sneaker,$49.93
"Reebok Women's Princess Sneaker,Black,9 W",$39.88
New Balance Women's 608 V5 Casual Comfort Cross Trainer,$54.99
Fila Men’s Memory Workshift Slip Resistant Work Shoe,$30.24
adidas Women's Cloudfoam Pure Running Shoe,$51.96
Skechers Women's Ghenter Bronaugh Work Shoe,$49.95
ASICS Women's Gel-Venture 7 Trail Running Shoes,$59.97
Under Armour Men's Surge 2 Running Shoe,$54.99
Fila Men's Vulc 13 Mid Plus Walking Shoe,$40.90
Under Armour Women's Charged Assert 8 Running Shoe,$52.99
Keds Women's Champion Original Leather Sneaker,$54.95
"Nike Tanjun Racer, Men’s Low-Top Sneakers",$55.61
Lacoste Men's Bayliss Sneaker,$89.95
Skechers Men's Go Walk Evolution Ultra - Impeccable Walking Shoe,$46.80
Lugz Women's Clipper Sneaker,$34.95
Fila Women's Memory Workshift Slip Resistant Work Shoe,$36.96
Lugz Men's Clipper Sneaker,$29.99
Skechers Sport Men's Vigor 2.0 Trait Memory Foam Sneaker,$49.95
Roxy Women's Bayshore Slip on Shoe Sneaker,$44.35
PUMA Men's Super Levitate Sneaker,$39.95
New Balance Women's Fresh Foam Roav Trail V1 Sneaker,$98.72
adidas Men's Advantage Tennis Shoe,$55.00
Under Armour Men's Charged Assert 8 Running Shoe,$65.05
Skechers Sport Men's Stamina Nuovo Cutback Lace-Up Sneaker,$41.21
